term,freq,degree
little,109,30
one,120,28
like,131,22
could,90,17
'',85,17
know,75,17
upon,97,14
never,66,14
day,75,13
would,68,11
life,70,10
thee,49,10
heart,38,10
time,60,7
death,51,7
away,66,6
till,61,6
heaven,54,6
summer,53,6
see,50,6
sea,40,6
thou,27,6
tell,55,5
night,54,5
sun,51,5
yet,49,5
went,41,5
must,39,5
look,39,5
mine,35,5
may,48,4
come,44,4
face,43,4
bird,31,4
every,29,4
long,26,4
came,26,4
two,20,4
go,47,3
still,46,3
god,43,3
way,34,3
bee,34,3
might,29,3
rose,23,3
keep,17,3
late,16,3
boat,7,3
soul,40,2
us,39,2
without,38,2
morning,38,2
love,36,2
eyes,35,2
feet,33,2
many,33,2
new,30,2
whose,30,2
shall,30,2
sweet,29,2
lost,28,2
light,27,2
unto,27,2
man,24,2
flower,23,2
heard,22,2
dew,22,2
year,22,2
much,20,2
sleep,20,2
home,19,2
except,19,2
said,19,2
going,18,2
wind,17,2
dropped,16,2
red,16,2
abroad,14,2
grace,13,2
brain,12,2
dickinson,12,2
get,10,2
proud,8,2
clover,7,2
setting,7,2
maid,7,2
adrift,4,2
flakes,4,2
famous,3,2
thought,38,1
nature,36,1
put,33,1
sky,28,1
friend,27,1
hand,24,1
last,24,1
done,23,1
world,22,1
died,22,1
grass,22,1
stand,21,1
made,21,1
make,20,1
passed,20,1
find,19,1
angels,19,1
back,19,1
slow,19,1
since,19,1
rest,18,1
tree,17,1
hear,17,1
eternity,17,1
bees,16,1
breath,16,1
white,16,1
enough,16,1
spirit,15,1
woods,15,1
live,14,1
skies,14,1
earth,14,1
need,13,1
care,13,1
bells,13,1
touch,13,1
word,12,1
march,12,1
robin,12,1
emily,12,1
ask,12,1
next,12,1
silver,12,1
ample,11,1
stars,11,1
break,11,1
wait,11,1
always,11,1
distant,10,1
human,10,1
forget,10,1
saw,10,1
something,10,1
poems,10,1
others,10,1
right,10,1
bring,10,1
mighty,10,1
wild,9,1
daily,9,1
poor,9,1
kept,9,1
cheek,9,1
brook,9,1
times,9,1
joy,9,1
houses,8,1
mortal,7,1
broken,7,1
bed,7,1
grant,7,1
page,7,1
thank,6,1
nest,6,1
chamber,6,1
steeples,6,1
lawn,6,1
sense,6,1
figure,6,1
sir,6,1
nights,5,1
wake,5,1
secret,5,1
truth,5,1
renunciation,4,1
murmuring,4,1
caper,4,1
beds,4,1
sabbath,4,1
haunted,4,1
hast,4,1
heavy,4,1
delayed,4,1
delays,3,1
recollecting,3,1
fearing,3,1
forgetting,3,1
insect,3,1
dignity,2,1
unprepared,2,1
tattered,2,1
election,2,1
first,36,0
say,32,0
within,31,0
door,30,0
far,29,0
air,27,0
men,26,0
old,26,0
thing,25,0
noon,25,0
fingers,24,0
take,24,0
purple,23,0
dead,22,0
die,22,0
seen,22,0
birds,22,0
oh,21,0
eye,21,0
name,21,0
house,21,0
though,20,0
place,20,0
knew,19,0
grave,19,0
land,18,0
left,18,0
gone,18,0
hills,18,0
low,18,0
play,18,0
behind,18,0
fear,18,0
mind,18,0
pain,18,0
days,17,0
show,17,0
best,16,0
drop,16,0
small,16,0
fly,16,0
almost,16,0
meet,16,0
children,16,0
wonder,16,0
pass,16,0
ear,16,0
lest,16,0
father,15,0
even,15,0
round,15,0
thy,15,0
dear,15,0
think,15,0
read,15,0
past,15,0
snow,15,0
took,14,0
found,14,0
prayer,14,0
goes,14,0
blue,14,0
stone,14,0
full,14,0
let,14,0
near,14,0
bliss,14,0
felt,14,0
fair,14,0
dare,13,0
beyond,13,0
afternoon,13,0
side,13,0
letter,13,0
single,13,0
simple,13,0
head,13,0
town,13,0
softly,13,0
none,13,0
star,13,0
among,13,0
well,13,0
winds,13,0
makes,13,0
reach,12,0
got,12,0
yellow,12,0
hour,12,0
road,12,0
anguish,12,0
paradise,12,0
hill,12,0
narrow,12,0
lie,12,0
happy,11,0
woman,11,0
immortality,11,0
everywhere,11,0
met,11,0
bear,11,0
flowers,11,0
great,11,0
finished,11,0
hands,11,0
least,11,0
coming,11,0
told,11,0
another,11,0
given,11,0
faith,11,0
butterflies,11,0
fire,11,0
peace,11,0
years,11,0
power,11,0
early,11,0
soft,11,0
afraid,11,0
hope,11,0
child,10,0
gold,10,0
amber,10,0
butterfly,10,0
tune,10,0
morn,10,0
quiet,10,0
high,10,0
sing,10,0
lips,10,0
fit,10,0
foot,10,0
everlasting,10,0
around,10,0
east,10,0
lived,10,0
leaves,10,0
distance,10,0
storm,10,0
village,10,0
set,10,0
good,10,0
held,10,0
touched,10,0
alone,10,0
trees,10,0
feel,10,0
unknown,10,0
comes,10,0
stands,10,0
gave,10,0
things,10,0
dying,10,0
cool,10,0
sure,10,0
close,10,0
solemn,10,0
creature,10,0
often,9,0
lift,9,0
ever,9,0
begun,9,0
verses,9,0
stir,9,0
seemed,9,0
room,9,0
sunset,9,0
dim,9,0
sound,9,0
transport,9,0
fell,9,0
half,9,0
gown,9,0
along,9,0
lies,9,0
lady,9,0
frost,9,0
call,9,0
grief,9,0
centuries,9,0
perhaps,9,0
water,9,0
sunrise,9,0
thine,9,0
fields,9,0
people,9,0
friends,9,0
stop,9,0
sight,9,0
imperial,9,0
looked,9,0
stopped,9,0
dawn,9,0
hold,9,0
gain,9,0
forehead,9,0
ah,9,0
known,9,0
ecstasy,9,0
despair,8,0
keeps,8,0
twice,8,0
victory,8,0
eden,8,0
dust,8,0
sudden,8,0
clouds,8,0
passing,8,0
large,8,0
judgment,8,0
divine,8,0
nothing,8,0
parting,8,0
true,8,0
golden,8,0
sigh,8,0
lose,8,0
breast,8,0
immortal,8,0
short,8,0
part,8,0
degree,8,0
prove,8,0
stood,8,0
nobody,8,0
wear,8,0
spring,8,0
whether,8,0
foreign,8,0
rainbow,8,0
common,8,0
learn,8,0
rise,8,0
dream,8,0
sent,8,0
beneath,8,0
perfect,8,0
book,8,0
pray,8,0
ground,8,0
windows,8,0
window,8,0
called,8,0
leave,8,0
stay,8,0
music,8,0
anybody,8,0
odd,8,0
soon,7,0
easier,7,0
presence,7,0
different,7,0
moon,7,0
mystery,7,0
breaking,7,0
forth,7,0
doubt,7,0
fate,7,0
awful,7,0
neighbor,7,0
shore,7,0
sand,7,0
pearl,7,0
indeed,7,0
fail,7,0
docile,7,0
three,7,0
fame,7,0
words,7,0
robins,7,0
triumph,7,0
instant,7,0
bore,7,0
asked,7,0
evening,7,0
west,7,0
sang,7,0
pretty,7,0
help,7,0
spot,7,0
smile,7,0
later,7,0
envy,7,0
noticed,7,0
plain,7,0
contented,7,0
remember,7,0
bell,7,0
beggar,7,0
knows,7,0
streets,7,0
hath,7,0
dwell,7,0
church,7,0
timid,7,0
royal,7,0
behold,7,0
nearer,7,0
silence,7,0
shut,7,0
easy,7,0
creatures,7,0
ones,7,0
lord,7,0
cold,7,0
turn,7,0
glad,7,0
privilege,7,0
bright,7,0
ca,7,0
fall,7,0
saved,7,0
guest,7,0
winter,7,0
awake,7,0
country,7,0
bold,7,0
content,7,0
curious,7,0
drew,7,0
seems,7,0
glee,7,0
bone,7,0
sometimes,7,0
exists,7,0
hours,7,0
perished,7,0
notice,7,0
less,7,0
delight,7,0
failed,7,0
host,7,0
awe,7,0
frequently,7,0
choose,7,0
news,7,0
street,6,0
liberty,6,0
daisies,6,0
hurt,6,0
laid,6,0
plush,6,0
whole,6,0
're,6,0
split,6,0
second,6,0
used,6,0
hat,6,0
orchard,6,0
grew,6,0
superfluous,6,0
want,6,0
try,6,0
king,6,0
agony,6,0
crowd,6,0
wine,6,0
infinite,6,0
deem,6,0
trust,6,0
ceased,6,0
souls,6,0
table,6,0
bars,6,0
universe,6,0
forgot,6,0
hair,6,0
alive,6,0
fold,6,0
meant,6,0
blaze,6,0
breeze,6,0
sounds,6,0
slowly,6,0
wish,6,0
doth,6,0
brave,6,0
lay,6,0
rather,6,0
hide,6,0
wandered,6,0
quick,6,0
ghost,6,0
june,6,0
scarlet,6,0
wood,6,0
spied,6,0
wore,6,0
step,6,0
company,6,0
thirst,6,0
yesterday,6,0
also,6,0
sails,6,0
rank,6,0
meek,6,0
ajar,6,0
crumb,6,0
speech,6,0
give,6,0
wings,6,0
mountains,6,0
women,6,0
present,6,0
series,6,0
native,6,0
everything,6,0
turned,6,0
thrown,6,0
memory,6,0
boy,6,0
fellow,6,0
green,6,0
sovereign,6,0
hundred,6,0
fled,6,0
hung,6,0
shows,6,0
garden,6,0
several,5,0
gained,5,0
sunshine,5,0
lives,5,0
recollect,5,0
april,5,0
reply,5,0
nought,5,0
possible,5,0
knocks,5,0
finer,5,0
pursued,5,0
housewife,5,0
ride,5,0
glass,5,0
queen,5,0
brief,5,0
numb,5,0
led,5,0
pink,5,0
lain,5,0
floor,5,0
become,5,0
shame,5,0
speak,5,0
stooping,5,0
leaf,5,0
crown,5,0
brooms,5,0
sacrament,5,0
pleased,5,0
boys,5,0
saints,5,0
calvary,5,0
hurried,5,0
quaint,5,0
landscape,5,0
meadows,5,0
cricket,5,0
bashful,5,0
measure,5,0
size,5,0
better,5,0
pleasure,5,0
mountain,5,0
scarcely,5,0
stepped,5,0
alas,5,0
remain,5,0
supposed,5,0
defeat,5,0
toss,5,0
hang,5,0
cloud,5,0
modest,5,0
stately,5,0
wo,5,0
precious,5,0
pools,5,0
color,5,0
hint,5,0
heavenly,5,0
lands,5,0
nearest,5,0
worst,5,0
sum,5,0
holiday,5,0
superior,5,0
hid,5,0
miss,5,0
date,5,0
son,5,0
blame,5,0
spider,5,0
evidence,5,0
society,5,0
emerald,5,0
ago,5,0
surprise,5,0
volume,5,0
opposite,5,0
bloom,5,0
lock,5,0
cause,5,0
drunken,5,0
wealth,5,0
dark,5,0
departed,5,0
reason,5,0
scarce,5,0
laugh,5,0
buy,5,0
taught,5,0
hungry,5,0
grand,5,0
cautious,5,0
glory,5,0
brown,5,0
patient,5,0
mean,5,0
vision,5,0
started,5,0
clock,5,0
third,5,0
difference,5,0
knowing,5,0
midnight,5,0
lip,5,0
crescent,5,0
gales,5,0
roof,5,0
feathers,5,0
lightning,5,0
lightly,5,0
faces,5,0
morns,5,0
takes,5,0
form,5,0
together,5,0
however,5,0
woe,5,0
orchards,5,0
furthest,5,0
broke,5,0
strange,5,0
note,5,0
visited,5,0
earl,5,0
flag,5,0
gate,5,0
sailor,5,0
run,5,0
feels,5,0
pause,5,0
broad,4,0
moor,4,0
chance,4,0
needs,4,0
denied,4,0
bonnet,4,0
punctual,4,0
nests,4,0
lover,4,0
praise,4,0
firmament,4,0
dog,4,0
dress,4,0
wide,4,0
blew,4,0
experiment,4,0
bodice,4,0
strong,4,0
fine,4,0
artist,4,0
warm,4,0
tears,4,0
sort,4,0
majesty,4,0
breezes,4,0
fashion,4,0
sealed,4,0
witness,4,0
flying,4,0
blank,4,0
doom,4,0
noons,4,0
finite,4,0
ignorant,4,0
seam,4,0
permitted,4,0
hay,4,0
spotted,4,0
goal,4,0
wanted,4,0
cup,4,0
brooks,4,0
acre,4,0
cocoon,4,0
ready,4,0
farther,4,0
doubtless,4,0
key,4,0
travelling,4,0
homesick,4,0
ashamed,4,0
stare,4,0
existence,4,0
beside,4,0
burial,4,0
charge,4,0
guessed,4,0
pillow,4,0
state,4,0
lap,4,0
wondrous,4,0
subtle,4,0
daffodil,4,0
childhood,4,0
kindly,4,0
strove,4,0
drink,4,0
thread,4,0
interview,4,0
runs,4,0
choice,4,0
tossed,4,0
ages,4,0
please,4,0
creation,4,0
alps,4,0
wife,4,0
hopeless,4,0
straight,4,0
lead,4,0
taste,4,0
hoped,4,0
rock,4,0
dusk,4,0
hate,4,0
tie,4,0
honey,4,0
merit,4,0
river,4,0
plank,4,0
beauty,4,0
hell,4,0
worked,4,0
gay,4,0
lit,4,0
moss,4,0
revelations,4,0
lot,4,0
wrinkled,4,0
talk,4,0
push,4,0
august,4,0
heat,4,0
familiar,4,0
therefore,4,0
service,4,0
names,4,0
hemlock,4,0
busy,4,0
girl,4,0
moved,4,0
abode,4,0
fast,4,0
forbidden,4,0
dews,4,0
bustle,4,0
burn,4,0
seas,4,0
haply,4,0
gentian,4,0
gathered,4,0
forests,4,0
altered,4,0
believe,4,0
melody,4,0
shook,4,0
school,4,0
sat,4,0
oriole,4,0
tried,4,0
toward,4,0
settled,4,0
slipped,4,0
certain,4,0
trade,4,0
blossom,4,0
farthest,4,0
suffering,4,0
hurry,4,0
leads,4,0
sings,4,0
guinea,4,0
rapid,4,0
poverty,4,0
thunder,4,0
share,4,0
besides,4,0
repeat,4,0
colors,4,0
began,4,0
gaze,4,0
north,4,0
wilt,4,0
art,4,0
hue,4,0
stirs,4,0
autumn,4,0
shelf,4,0
suit,4,0
dome,4,0
girls,4,0
journey,4,0
grows,4,0
dun,4,0
vast,4,0
murmur,4,0
departing,4,0
throe,4,0
clear,4,0
bereaved,4,0
realm,4,0
sweetest,4,0
pair,4,0
tunes,4,0
walk,4,0
wall,4,0
shone,4,0
unmoved,4,0
celestial,4,0
sign,4,0
syllable,4,0
enemy,4,0
frosts,4,0
ring,4,0
plucking,4,0
o'er,4,0
tomb,4,0
heads,4,0
rare,4,0
countenance,4,0
across,4,0
shoe,4,0
bound,4,0
ethereal,4,0
beloved,4,0
buzz,4,0
sands,4,0
daisy,4,0
seek,4,0
bush,4,0
spices,4,0
learned,4,0
bears,4,0
loving,4,0
open,4,0
scant,4,0
south,4,0
slept,4,0
riches,4,0
belt,4,0
seal,4,0
pearls,4,0
jesus,4,0
although,4,0
seasons,4,0
brought,4,0
spectre,4,0
sepulchre,4,0
becomes,4,0
safer,4,0
desire,3,0
mines,3,0
strains,3,0
ships,3,0
rides,3,0
resurrection,3,0
contrast,3,0
utmost,3,0
enabled,3,0
chair,3,0
safe,3,0
decree,3,0
carried,3,0
sought,3,0
decay,3,0
gracious,3,0
clocks,3,0
leaps,3,0
notes,3,0
chase,3,0
shadows,3,0
idleness,3,0
conferred,3,0
wade,3,0
pensive,3,0
diadems,3,0
satisfied,3,0
latitudes,3,0
consummate,3,0
mouse,3,0
mushroom,3,0
childish,3,0
repose,3,0
hurrying,3,0
frugal,3,0
suffered,3,0
faded,3,0
turning,3,0
wished,3,0
spar,3,0
breathless,3,0
piercing,3,0
higher,3,0
velvet,3,0
flies,3,0
ho,3,0
independent,3,0
orderly,3,0
remained,3,0
drank,3,0
taken,3,0
instead,3,0
overcome,3,0
tolling,3,0
nowhere,3,0
use,3,0
soundless,3,0
reluctant,3,0
forest,3,0
hinder,3,0
arose,3,0
tranquil,3,0
clearly,3,0
grown,3,0
onset,3,0
mistake,3,0
fight,3,0
due,3,0
missed,3,0
lonesome,3,0
neighbors,3,0
twilight,3,0
unsuspecting,3,0
bog,3,0
tale,3,0
struck,3,0
wider,3,0
horizons,3,0
match,3,0
arm,3,0
work,3,0
field,3,0
giants,3,0
charm,3,0
balls,3,0
foe,3,0
whatsoever,3,0
bubble,3,0
abyss,3,0
implement,3,0
eaves,3,0
outside,3,0
shoes,3,0
ended,3,0
trembling,3,0
voice,3,0
write,3,0
wilderness,3,0
somebody,3,0
assembly,3,0
termed,3,0
estimate,3,0
unexpected,3,0
necessity,3,0
periods,3,0
bleaker,3,0
guess,3,0
chaff,3,0
robbed,3,0
jealousy,3,0
toll,3,0
seem,3,0
report,3,0
mists,3,0
turns,3,0
raise,3,0
danger,3,0
separate,3,0
gently,3,0
front,3,0
spurn,3,0
belong,3,0
riddle,3,0
seraphs,3,0
loomis,3,0
tease,3,0
gallant,3,0
throng,3,0
rack,3,0
shy,3,0
ice,3,0
secrets,3,0
blown,3,0
harebell,3,0
asleep,3,0
sparrows,3,0
satin,3,0
emperor,3,0
cover,3,0
alway,3,0
puzzled,3,0
iii,3,0
dungeons,3,0
cross,3,0
weight,3,0
mute,3,0
viewed,3,0
lines,3,0
tasted,3,0
feather,3,0
jehovah,3,0
sweeter,3,0
belshazzar,3,0
tenderly,3,0
wrung,3,0
smiling,3,0
bugle,3,0
ran,3,0
amethyst,3,0
confronting,3,0
smallest,3,0
arctic,3,0
centre,3,0
chanticleer,3,0
arc,3,0
apple,3,0
sentence,3,0
cunning,3,0
wise,3,0
waiting,3,0
pebble,3,0
secure,3,0
editors,3,0
simplicity,3,0
sweeps,3,0
appears,3,0
pervades,3,0
length,3,0
wandering,3,0
tide,3,0
bolder,3,0
elf,3,0
flesh,3,0
race,3,0
knock,3,0
count,3,0
todd,3,0
amid,3,0
row,3,0
torrid,3,0
figures,3,0
discarded,3,0
remorse,3,0
quite,3,0
act,3,0
maddest,3,0
venture,3,0
kingdom,3,0
success,3,0
mabel,3,0
lone,3,0
prince,3,0
dimples,3,0
pencil,3,0
covert,3,0
greedy,3,0
advanced,3,0
offer,3,0
iv,3,0
weary,3,0
wherefore,3,0
bark,3,0
impossible,3,0
brittle,3,0
suspect,3,0
apart,3,0
trivial,3,0
boughs,3,0
element,3,0
ease,3,0
plenty,3,0
parted,3,0
minor,3,0
breathed,3,0
arrow,3,0
roads,3,0
stimulus,3,0
starving,3,0
firm,3,0
scholars,3,0
draw,3,0
beheld,3,0
surpasses,3,0
bless,3,0
blond,3,0
veil,3,0
quivered,3,0
madness,3,0
written,3,0
followed,3,0
leap,3,0
ocean,3,0
somewhat,3,0
attempt,3,0
deer,3,0
apparently,3,0
cases,3,0
self,3,0
beam,3,0
snake,3,0
industrious,3,0
sod,3,0
corn,3,0
ate,3,0
deed,3,0
ii,3,0
pane,3,0
renown,3,0
quivering,3,0
pipe,3,0
invests,3,0
larger,3,0
bill,3,0
business,3,0
surpassing,3,0
consciousness,3,0
frigate,3,0
affords,3,0
question,3,0
loose,3,0
deity,3,0
marriage,3,0
adequate,3,0
remembrance,3,0
inquire,3,0
dost,3,0
squirrel,3,0
likes,3,0
majority,3,0
henceforth,3,0
staggered,3,0
heedless,3,0
erect,3,0
dared,3,0
reticent,3,0
nods,3,0
wrecked,3,0
vest,3,0
alabaster,3,0
democrat,3,0
peculiar,3,0
throughout,3,0
certainty,3,0
delirious,3,0
blow,3,0
appear,3,0
four,3,0
liquor,3,0
station,3,0
bobolink,3,0
trains,3,0
transporting,3,0
counted,3,0
clay,3,0
peep,3,0
honorable,3,0
ourself,3,0
pity,3,0
burned,3,0
dressed,3,0
dread,3,0
liked,3,0
forever,3,0
general,3,0
ceded,3,0
pile,3,0
mutual,3,0
roses,3,0
escape,3,0
loss,3,0
wheat,3,0
steal,3,0
understand,3,0
bay,3,0
descend,3,0
final,3,0
soldiers,3,0
glow,3,0
breadth,3,0
spun,3,0
running,3,0
period,3,0
became,3,0
tired,3,0
candle,3,0
accustomed,3,0
frown,3,0
pitiful,3,0
means,3,0
else,3,0
finish,3,0
fashions,3,0
whiter,3,0
shining,3,0
reached,3,0
sharp,3,0
slake,3,0
route,3,0
dies,3,0
circumference,3,0
borne,3,0
thanksgiving,3,0
deeper,3,0
paste,3,0
shape,3,0
plan,3,0
rooms,3,0
depart,3,0
beating,3,0
dry,3,0
cherubic,3,0
brewed,3,0
diadem,3,0
leisure,3,0
drawer,3,0
enables,3,0
bosom,3,0
thoughts,3,0
gentle,3,0
minutest,2,0
looks,2,0
personal,2,0
imperceptibly,2,0
sapphire,2,0
sad,2,0
neither,2,0
tardy,2,0
visions,2,0
tug,2,0
sneer,2,0
counts,2,0
playmates,2,0
mob,2,0
edited,2,0
mice,2,0
prudent,2,0
fading,2,0
barefoot,2,0
cups,2,0
offered,2,0
gods,2,0
stray,2,0
bleakness,2,0
glance,2,0
sore,2,0
prank,2,0
conversation,2,0
bravest,2,0
invisible,2,0
recedes,2,0
daybreak,2,0
brush,2,0
violets,2,0
singing,2,0
europe,2,0
fluttered,2,0
climbed,2,0
vitality,2,0
save,2,0
drab,2,0
speechless,2,0
tenderer,2,0
bolt,2,0
newer,2,0
define,2,0
satisfies,2,0
alter,2,0
barred,2,0
scarf,2,0
berry,2,0
laces,2,0
clovers,2,0
accost,2,0
extremity,2,0
pendulum,2,0
sit,2,0
sofa,2,0
descending,2,0
weep,2,0
snows,2,0
glaze,2,0
solid,2,0
wheel,2,0
origin,2,0
rat,2,0
kinds,2,0
elder,2,0
convulsion,2,0
lawful,2,0
suits,2,0
uncertain,2,0
elysium,2,0
surgeons,2,0
opened,2,0
flood,2,0
entertain,2,0
forgiven,2,0
rubies,2,0
says,2,0
o'clock,2,0
answered,2,0
trod,2,0
delinquencies,2,0
betrayed,2,0
unanointed,2,0
scantily,2,0
barn,2,0
astir,2,0
walls,2,0
blossoms,2,0
cashmere,2,0
public,2,0
stole,2,0
surrender,2,0
aching,2,0
somehow,2,0
prodigal,2,0
apron,2,0
threw,2,0
visit,2,0
tassels,2,0
obvious,2,0
paused,2,0
residence,2,0
prison,2,0
jewel,2,0
appalling,2,0
sparrow,2,0
talked,2,0
withheld,2,0
rivers,2,0
train,2,0
stayed,2,0
slips,2,0
brig,2,0
begin,2,0
devoid,2,0
verse,2,0
trying,2,0
stile,2,0
receives,2,0
flambeaux,2,0
comfort,2,0
nobleness,2,0
nation,2,0
quenching,2,0
presents,2,0
musicians,2,0
sagacity,2,0
earn,2,0
tempest,2,0
stain,2,0
bending,2,0
spending,2,0
pizarro,2,0
argued,2,0
played,2,0
steel,2,0
antique,2,0
getting,2,0
balloons,2,0
palm,2,0
thyself,2,0
furnished,2,0
breaks,2,0
books,2,0
temerity,2,0
claim,2,0
shouts,2,0
bouquet,2,0
laughed,2,0
debonair,2,0
drifted,2,0
tenant,2,0
pay,2,0
fitted,2,0
pallid,2,0
ticked,2,0
exist,2,0
fill,2,0
vain,2,0
wrote,2,0
wing,2,0
indefinite,2,0
expectation,2,0
christmas,2,0
troth,2,0
sounded,2,0
rows,2,0
straightway,2,0
selects,2,0
daffodils,2,0
sister,2,0
floods,2,0
bonnets,2,0
skill,2,0
kinsmen,2,0
intrinsic,2,0
forty,2,0
legacies,2,0
softened,2,0
gallop,2,0
nosegays,2,0
valleys,2,0
pod,2,0
seams,2,0
prairie,2,0
occasions,2,0
beryl,2,0
sped,2,0
received,2,0
swimmers,2,0
enlightened,2,0
miracle,2,0
dine,2,0
drowning,2,0
astray,2,0
following,2,0
blessing,2,0
silently,2,0
landlord,2,0
miles,2,0
summon,2,0
mist,2,0
dainty,2,0
throw,2,0
duchess,2,0
gauze,2,0
attaches,2,0
conjectured,2,0
bullets,2,0
kingdoms,2,0
soldered,2,0
concisest,2,0
tall,2,0
bronze,2,0
distinguished,2,0
epoch,2,0
lifetime,2,0
pageant,2,0
leaden,2,0
oceans,2,0
laying,2,0
dazzled,2,0
apparelled,2,0
anemone,2,0
thick,2,0
nan,2,0
spools,2,0
tapped,2,0
disappeared,2,0
important,2,0
misery,2,0
presentiment,2,0
space,2,0
dreams,2,0
enchanted,2,0
experience,2,0
aged,2,0
upper,2,0
scar,2,0
parade,2,0
uses,2,0
mould,2,0
drifts,2,0
venerate,2,0
humble,2,0
chant,2,0
silent,2,0
freckled,2,0
inn,2,0
tyrian,2,0
league,2,0
clearing,2,0
phantom,2,0
sufficed,2,0
lutes,2,0
fumbled,2,0
ratio,2,0
obtain,2,0
flits,2,0
sepal,2,0
girdle,2,0
tragedy,2,0
sandals,2,0
fellows,2,0
tribulation,2,0
withdrew,2,0
term,2,0
musket,2,0
smooth,2,0
careful,2,0
bolts,2,0
pictures,2,0
test,2,0
petal,2,0
knife,2,0
signal,2,0
creator,2,0
song,2,0
complaint,2,0
peninsula,2,0
mattress,2,0
instinct,2,0
patent,2,0
create,2,0
haste,2,0
conclusion,2,0
hard,2,0
parts,2,0
blessed,2,0
homely,2,0
bribe,2,0
treading,2,0
cadence,2,0
extinguished,2,0
closer,2,0
jails,2,0
brow,2,0
grow,2,0
occasional,2,0
surrendered,2,0
worthiness,2,0
heal,2,0
forge,2,0
livid,2,0
cottage,2,0
abide,2,0
blood,2,0
mechlin,2,0
toil,2,0
attar,2,0
gethsemane,2,0
career,2,0
torn,2,0
reminded,2,0
placed,2,0
club,2,0
thief,2,0
crowning,2,0
billows,2,0
extent,2,0
preached,2,0
ends,2,0
strut,2,0
obligation,2,0
living,2,0
privacy,2,0
caravan,2,0
regret,2,0
indian,2,0
mention,2,0
amherst,2,0
drowsing,2,0
certainly,2,0
pompless,2,0
whistled,2,0
labor,2,0
somewhere,2,0
overlooked,2,0
sauntered,2,0
ghosts,2,0
slid,2,0
scooped,2,0
sundown,2,0
oils,2,0
'flowers,2,0
comforts,2,0
suddenly,2,0
stretch,2,0
habitation,2,0
attitude,2,0
opposing,2,0
wedlock,2,0
convenient,2,0
circuit,2,0
enterprise,2,0
flee,2,0
heavens,2,0
esteemed,2,0
worm,2,0
fence,2,0
prospective,2,0
slant,2,0
washes,2,0
closed,2,0
endears,2,0
contain,2,0
expected,2,0
breadths,2,0
preceded,2,0
firmaments,2,0
danced,2,0
flew,2,0
kind,2,0
piled,2,0
isles,2,0
unrealized,2,0
deep,2,0
fills,2,0
trinkets,2,0
missing,2,0
mail,2,0
wisdom,2,0
grasped,2,0
listless,2,0
load,2,0
enacted,2,0
curtains,2,0
loneliness,2,0
task,2,0
unfold,2,0
precarious,2,0
string,2,0
perceived,2,0
baffle,2,0
fog,2,0
laughter,2,0
jason,2,0
claw,2,0
showed,2,0
groove,2,0
tint,2,0
observe,2,0
response,2,0
prudence,2,0
marrow,2,0
errand,2,0
flocks,2,0
mornings,2,0
sheets,2,0
trades,2,0
housewives,2,0
gnome,2,0
mourners,2,0
lonely,2,0
gentlemen,2,0
lamps,2,0
rich,2,0
despatched,2,0
tropic,2,0
rolled,2,0
value,2,0
strings,2,0
hems,2,0
strategy,2,0
unheard,2,0
exultation,2,0
potential,2,0
visible,2,0
tongue,2,0
ears,2,0
partake,2,0
significance,2,0
stones,2,0
unaccustomed,2,0
flings,2,0
published,2,0
spice,2,0
helped,2,0
scan,2,0
brigadier,2,0
letters,2,0
sewed,2,0
wearing,2,0
pathetic,2,0
annual,2,0
pilgrim,2,0
banks,2,0
sifts,2,0
shake,2,0
features,2,0
highest,2,0
end,2,0
touching,2,0
prefer,2,0
science,2,0
slope,2,0
body,2,0
gush,2,0
bid,2,0
thorn,2,0
impatient,2,0
harm,2,0
cherubim,2,0
volcano,2,0
swamp,2,0
assuages,2,0
quieter,2,0
follows,2,0
fainting,2,0
wondered,2,0
untouched,2,0
frame,2,0
crack,2,0
gentlewomen,2,0
forsake,2,0
coast,2,0
struggling,2,0
height,2,0
sunsets,2,0
bar,2,0
worlds,2,0
poets,2,0
pale,2,0
scalds,2,0
hymn,2,0
abrupt,2,0
flake,2,0
traveller,2,0
bent,2,0
returning,2,0
frightened,2,0
external,2,0
permits,2,0
decline,2,0
exchange,2,0
thimble,2,0
marble,2,0
bulb,2,0
lagging,2,0
gather,2,0
assassin,2,0
minds,2,0
ashes,2,0
cochineal,2,0
treason,2,0
brimming,2,0
ankle,2,0
prevent,2,0
reminder,2,0
sets,2,0
lily,2,0
ratified,2,0
accomplished,2,0
waits,2,0
bind,2,0
meeker,2,0
served,2,0
wont,2,0
overflow,2,0
ecstatic,2,0
afternoons,2,0
remains,2,0
fragile,2,0
sleeps,2,0
jostle,2,0
sceptic,2,0
feared,2,0
abstinence,2,0
beetle,2,0
gem,2,0
races,2,0
oft,2,0
carry,2,0
chambers,2,0
slew,2,0
ether,2,0
firmer,2,0
mat,2,0
firmest,2,0
slight,2,0
divinest,2,0
chariot,2,0
astonished,2,0
haughty,2,0
willing,2,0
renounced,2,0
'time,2,0
nodding,2,0
hot,2,0
mantel,2,0
difficult,2,0
acknowledged,2,0
flavor,2,0
bestir,2,0
strength,2,0
phraseless,2,0
wardrobe,2,0
fitting,2,0
starve,2,0
tightens,2,0
auger,2,0
regard,2,0
knoll,2,0
portraits,2,0
haze,2,0
aster,2,0
sickness,2,0
weigh,2,0
christ,2,0
drums,2,0
physician,2,0
wishes,2,0
menace,2,0
retire,2,0
troubadour,2,0
waked,2,0
facts,2,0
juggler,2,0
shuts,2,0
passes,2,0
significant,2,0
merchant,2,0
meteor,2,0
ill,2,0
superiority,2,0
honest,2,0
pace,2,0
hut,2,0
ballads,2,0
pick,2,0
five,2,0
tracks,2,0
valves,2,0
temptation,2,0
rear,2,0
parlor,2,0
numerous,2,0
sailors,2,0
crawl,2,0
stops,2,0
guests,2,0
lower,2,0
merry,2,0
adjusted,2,0
decks,2,0
proper,2,0
record,2,0
horror,2,0
beckons,2,0
regarded,2,0
wave,2,0
wines,2,0
shadow,2,0
deference,2,0
prize,2,0
flight,2,0
identified,2,0
overgrown,2,0
pleiad,2,0
shores,2,0
pigmy,2,0
ruddier,2,0
practised,2,0
doubly,2,0
thinking,2,0
chrysoprase,2,0
trifles,2,0
sting,2,0
owe,2,0
weed,2,0
excellence,2,0
manner,2,0
fact,2,0
earning,2,0
either,2,0
entered,2,0
strife,2,0
avoided,2,0
clause,2,0
attention,2,0
physiognomy,2,0
inviting,2,0
backs,2,0
conquer,2,0
jar,2,0
lullaby,2,0
shaft,2,0
maple,2,0
duller,2,0
debauchee,2,0
arrogance,2,0
pound,2,0
disease,2,0
parching,2,0
cordial,2,0
drip,2,0
remedy,2,0
ditty,2,0
dateless,2,0
leaning,2,0
usual,2,0
caspian,2,0
assault,2,0
outcast,2,0
squirrels,2,0
hunted,2,0
raiment,2,0
countries,2,0
plants,2,0
decades,2,0
monster,2,0
anything,2,0
internal,2,0
handwriting,2,0
dip,2,0
crimson,2,0
smiles,2,0
cautiously,2,0
ascend,2,0
pedigree,2,0
scoop,2,0
putting,2,0
change,2,0
horses,2,0
story,2,0
thro,2,0
pilot,2,0
loaf,2,0
bat,2,0
beggars,2,0
naked,2,0
fumbles,2,0
funeral,2,0
speaks,2,0
film,2,0
blamed,2,0
didst,2,0
posterior,2,0
looking,2,0
climbing,2,0
doors,2,0
jest,2,0
reward,2,0
inner,2,0
stolid,2,0
latest,2,0
portfolios,2,0
apparatus,2,0
proof,2,0
spy,2,0
nutriment,2,0
wounded,2,0
eat,2,0
trips,2,0
gait,2,0
sides,2,0
weaver,2,0
companion,2,0
wherever,2,0
quietly,2,0
revery,2,0
steadily,2,0
rail,2,0
toad,2,0
wretch,2,0
arcturus,2,0
jew,2,0
absolute,2,0
opens,2,0
justify,2,0
signed,2,0
oath,2,0
weeks,2,0
fresh,2,0
bestow,2,0
understood,2,0
gilded,2,0
guides,2,0
shorter,2,0
rowing,2,0
shady,2,0
really,2,0
solitary,2,0
stirred,2,0
steadfast,2,0
blushing,2,0
lark,2,0
fetch,2,0
phrase,2,0
disappoint,2,0
chart,2,0
requirement,2,0
pierce,2,0
burning,2,0
torture,2,0
wears,2,0
crowded,2,0
suffice,2,0
strangers,2,0
seamless,2,0
unnoticed,2,0
sleeping,2,0
acres,2,0
shrill,2,0
mortality,2,0
mother,2,0
con,2,0
bowing,2,0
chief,2,0
crag,2,0
anterior,2,0
thoughtful,2,0
midas,2,0
chin,2,0
blazing,2,0
whereon,2,0
waters,2,0
brake,2,0
nightgowns,2,0
bridges,2,0
struggle,2,0
soil,2,0
penurious,2,0
whip,2,0
denote,2,0
dinna,2,0
gives,2,0
dialogue,2,0
waking,2,0
tankards,2,0
playing,2,0
stint,2,0
empty,2,0
explain,2,0
symbol,2,0
unrolled,2,0
beautiful,2,0
rocked,2,0
trinket,2,0
belles,2,0
outgrow,2,0
brother,2,0
mentioned,2,0
petite,2,0
obedient,2,0
soldier,2,0
glutton,2,0
proclaimed,2,0
finger,2,0
spheres,2,0
scanned,2,0
stillness,2,0
countenances,2,0
parties,2,0
promised,2,0
repeal,2,0
obtained,2,0
intimates,2,0
deal,2,0
polar,2,0
themes,2,0
could'st,2,0
hats,2,0
gentlest,2,0
gallows,2,0
converges,2,0
cobweb,2,0
departure,2,0
qualities,2,0
belief,2,0
industry,2,0
yield,2,0
grieved,2,0
drove,2,0
strives,2,0
wilted,2,0
aloud,2,0
briefly,2,0
dreaded,2,0
outgrown,2,0
tea,2,0
dispelled,2,0
material,2,0
evanescence,2,0
excellent,2,0
unobtrusive,2,0
ostensibly,2,0
forgive,2,0
mashed,2,0
foolish,2,0
wishfulness,2,0
volumes,2,0
badinage,2,0
slit,2,0
undue,2,0
realms,2,0
port,2,0
idle,2,0
eclipse,2,0
audible,2,0
oftener,2,0
stem,2,0
estate,2,0
carolled,2,0
bow,2,0
fro,2,0
oxygen,2,0
sloop,2,0
spangled,2,0
expressed,2,0
regions,2,0
primer,2,0
substance,2,0
meat,2,0
dissent,2,0
essential,2,0
listening,2,0
procession,2,0
genius,2,0
dissolve,2,0
mild,2,0
buttercups,2,0
drams,2,0
chemist,2,0
preface,2,0
duke,2,0
captives,2,0
solitude,2,0
condition,2,0
longer,2,0
raised,2,0
trick,2,0
credit,2,0
meanwhile,2,0
flagons,2,0
capacity,2,0
fleshless,2,0
hospitable,2,0
include,2,0
suns,2,0
walked,2,0
tight,2,0
attitudes,2,0
nicodemus,2,0
groped,2,0
thus,2,0
weaves,2,0
fringes,2,0
lisp,2,0
future,2,0
cherished,2,0
eagle,2,0
sieves,2,0
vow,2,0
smiled,2,0
conviction,2,0
growing,2,0
retreating,2,0
orchis,2,0
dropping,2,0
sits,2,0
ceaseless,2,0
needle,2,0
fruit,2,0
faithful,2,0
cease,2,0
springtime,2,0
pictorial,2,0
bread,2,0
fathoms,2,0
inference,2,0
rang,2,0
crowned,2,0
syllables,2,0
leaving,2,0
footlights,2,0
endless,2,0
passage,2,0
intent,2,0
brood,2,0
literary,2,0
sufficient,2,0
felicity,2,0
invites,2,0
adjust,2,0
mill,2,0
aware,2,0
cars,2,0
using,2,0
conduct,2,0
epauletted,2,0
ne'er,2,0
asks,2,0
panting,2,0
warmth,2,0
revelation,2,0
softer,2,0
strangest,2,0
mouldering,2,0
disgrace,2,0
blest,2,0
welcome,2,0
join,2,0
wooden,2,0
interchange,2,0
earlier,2,0
remembered,2,0
boldly,2,0
nuts,2,0
flame,2,0
beads,2,0
meadow,2,0
luxury,2,0
approaching,2,0
cancelled,2,0
prayed,2,0
menagerie,2,0
design,2,0
rarer,2,0
sexton,2,0
circumstance,2,0
barns,2,0
swiss,2,0
wool,2,0
saves,2,0
mar,2,0
wrestle,2,0
bride,2,0
duties,2,0
supremest,2,0
memorial,2,0
spoke,2,0
visitor,2,0
bit,2,0
wrestled,2,0
fan,2,0
frill,2,0
kiss,2,0
simulate,2,0
dreary,2,0
intimate,2,0
hurts,2,0
calls,2,0
frantic,2,0
breathe,2,0
surmise,2,0
chiefest,2,0
follow,2,0
twinkled,1,0
opal,1,0
phrases,1,0
chaos,1,0
closely,1,0
enchants,1,0
crumbled,1,0
metres,1,0
warrior,1,0
stamens,1,0
silenced,1,0
royally,1,0
circassian,1,0
obliged,1,0
stumbling,1,0
footless,1,0
strung,1,0
carries,1,0
hidden,1,0
wondering,1,0
coffers,1,0
grandmamma,1,0
beguiles,1,0
sprightly,1,0
boanerges,1,0
bard,1,0
chivalry,1,0
tucking,1,0
picture,1,0
hadst,1,0
rusty,1,0
sacrificed,1,0
oratorio,1,0
shortly,1,0
arcs,1,0
actual,1,0
perceives,1,0
drunk,1,0
questioned,1,0
laurel,1,0
stubble,1,0
magic,1,0
track,1,0
grain,1,0
stimulate,1,0
accidental,1,0
smoother,1,0
confidence,1,0
aprons,1,0
starkest,1,0
veins,1,0
prospect,1,0
lists,1,0
molten,1,0
interrupts,1,0
project,1,0
refreshing,1,0
ancestor,1,0
skipped,1,0
feature,1,0
birthday,1,0
gaunt,1,0
buds,1,0
cipher,1,0
confidently,1,0
sickened,1,0
inspect,1,0
broadest,1,0
order,1,0
predecessor,1,0
swing,1,0
overheard,1,0
funnelled,1,0
laboreth,1,0
economy,1,0
mermaids,1,0
saviour,1,0
emblems,1,0
action,1,0
homelier,1,0
splashless,1,0
overcame,1,0
complaining,1,0
excuse,1,0
bodiless,1,0
chain,1,0
rivet,1,0
shanties,1,0
ores,1,0
proposed,1,0
overflows,1,0
tipped,1,0
arbitrate,1,0
hemlocks,1,0
irritated,1,0
closet,1,0
plated,1,0
characteristic,1,0
disdaining,1,0
frail,1,0
spectral,1,0
rustle,1,0
restraining,1,0
epigea,1,0
lately,1,0
seclusion,1,0
cloudier,1,0
haworth,1,0
mechanically,1,0
chalk,1,0
lace,1,0
rattles,1,0
gasping,1,0
grandsires,1,0
dart,1,0
bustling,1,0
mitred,1,0
continue,1,0
straighten,1,0
rhythmical,1,0
hopped,1,0
fortitude,1,0
brass,1,0
beclouded,1,0
judge,1,0
knit,1,0
build,1,0
flashes,1,0
inspecting,1,0
securest,1,0
violate,1,0
tilled,1,0
advance,1,0
veto,1,0
dinner,1,0
fascicules,1,0
tottered,1,0
hallow,1,0
poorer,1,0
disclosed,1,0
truffled,1,0
eyelids,1,0
buccaneering,1,0
waltzed,1,0
retrimmed,1,0
supercilious,1,0
impetuous,1,0
pope,1,0
lighted,1,0
neglect,1,0
chronologic,1,0
seeds,1,0
quaked,1,0
barely,1,0
challenging,1,0
blacksmith,1,0
stupendous,1,0
destiny,1,0
sterile,1,0
tip,1,0
haunt,1,0
bows,1,0
preconcerted,1,0
accessible,1,0
consolidates,1,0
dingy,1,0
complete,1,0
tabernacles,1,0
renowned,1,0
brooch,1,0
rapt,1,0
drama,1,0
boot,1,0
apparition,1,0
class,1,0
imagined,1,0
focus,1,0
loom,1,0
raw,1,0
clap,1,0
folding,1,0
streams,1,0
o'erlooking,1,0
carriage,1,0
interdict,1,0
warming,1,0
cedar,1,0
admirers,1,0
separated,1,0
helpless,1,0
cycles,1,0
ceiling,1,0
fritters,1,0
tippler,1,0
shiver,1,0
turbaned,1,0
helmet,1,0
innocent,1,0
maketh,1,0
whatever,1,0
lowlier,1,0
harrowing,1,0
scholar,1,0
habit,1,0
sire,1,0
supremacy,1,0
spaciously,1,0
subterfuge,1,0
transition,1,0
pays,1,0
daring,1,0
ampler,1,0
century,1,0
pond,1,0
northern,1,0
possibility,1,0
separation,1,0
posture,1,0
fete,1,0
indebtedness,1,0
reject,1,0
surge,1,0
harder,1,0
scene,1,0
perusal,1,0
promptly,1,0
resume,1,0
intervene,1,0
sidewise,1,0
battles,1,0
accident,1,0
doctors,1,0
flippant,1,0
patriarch,1,0
sane,1,0
yes,1,0
traffic,1,0
surrendering,1,0
nevermore,1,0
condemned,1,0
potomac,1,0
october,1,0
headlands,1,0
footmen,1,0
disparagement,1,0
dimity,1,0
vanquished,1,0
gutenberg,1,0
fantasy,1,0
sinking,1,0
blunder,1,0
drearier,1,0
eclat,1,0
cautions,1,0
tambourine,1,0
fraction,1,0
cycle,1,0
gesture,1,0
severity,1,0
ordinance,1,0
humming,1,0
extended,1,0
conditions,1,0
chariots,1,0
joys,1,0
electric,1,0
remotest,1,0
flurriedly,1,0
porter,1,0
hurls,1,0
aided,1,0
dreaming,1,0
portentous,1,0
auburn,1,0
entreat,1,0
food,1,0
sham,1,0
tar,1,0
briar,1,0
particularly,1,0
shoals,1,0
sponges,1,0
degrades,1,0
bask,1,0
sweeping,1,0
gag,1,0
roams,1,0
faced,1,0
sleet,1,0
stipulate,1,0
wrestlers,1,0
shapes,1,0
serene,1,0
spur,1,0
careless,1,0
insecure,1,0
holidays,1,0
abash,1,0
variety,1,0
agonized,1,0
clutch,1,0
swelling,1,0
seats,1,0
designated,1,0
surplice,1,0
suggestive,1,0
fagot,1,0
submits,1,0
removed,1,0
darkness,1,0
tankard,1,0
dripping,1,0
rumor,1,0
'father,1,0
mankind,1,0
alike,1,0
beatrice,1,0
spelled,1,0
ermine,1,0
'sorry,1,0
sailing,1,0
taunts,1,0
scalding,1,0
hempen,1,0
obscured,1,0
fictitious,1,0
homes,1,0
austerity,1,0
interrupt,1,0
heaves,1,0
bases,1,0
particular,1,0
staring,1,0
appointed,1,0
jealous,1,0
revolution,1,0
agonizing,1,0
peter,1,0
robes,1,0
'where,1,0
quarry,1,0
unhooked,1,0
hunter,1,0
fool,1,0
sorcery,1,0
drunkard,1,0
february,1,0
counteract,1,0
conceive,1,0
retrospect,1,0
waded,1,0
deposed,1,0
martyrs,1,0
basis,1,0
treasures,1,0
hover,1,0
promoted,1,0
tarry,1,0
grapple,1,0
practising,1,0
renounce,1,0
moth,1,0
would'st,1,0
higginson,1,0
cannon,1,0
confusion,1,0
bonnie,1,0
myriad,1,0
aspire,1,0
ancient,1,0
library,1,0
'early,1,0
send,1,0
limit,1,0
labored,1,0
norwegian,1,0
burrowed,1,0
quicker,1,0
declare,1,0
amplitude,1,0
antedate,1,0
abides,1,0
dimities,1,0
perfidy,1,0
surer,1,0
careers,1,0
doges,1,0
notoriety,1,0
o'erspent,1,0
subsequent,1,0
securely,1,0
unshriven,1,0
nightingale,1,0
lack,1,0
borrow,1,0
annul,1,0
supply,1,0
twelve,1,0
flavors,1,0
cloy,1,0
overcoat,1,0
maimed,1,0
sobbed,1,0
brings,1,0
balsam,1,0
vermilion,1,0
yielded,1,0
seconds,1,0
maker,1,0
indicative,1,0
noble,1,0
november,1,0
culpabler,1,0
keys,1,0
recite,1,0
hopper,1,0
forswears,1,0
amiss,1,0
halves,1,0
ascended,1,0
moment,1,0
quartering,1,0
drummer,1,0
perish,1,0
unrecognized,1,0
imported,1,0
infiniter,1,0
observation,1,0
income,1,0
band,1,0
respectful,1,0
simultaneous,1,0
livelong,1,0
specimens,1,0
gypsy,1,0
floorless,1,0
encounter,1,0
malady,1,0
flaunted,1,0
inform,1,0
interposed,1,0
shines,1,0
merely,1,0
constancy,1,0
bryant,1,0
jackson,1,0
hated,1,0
fleeter,1,0
leverrier,1,0
savans,1,0
amplest,1,0
joyful,1,0
pleasanter,1,0
shamed,1,0
maelstrom,1,0
steady,1,0
sequence,1,0
eccentricities,1,0
saying,1,0
comprehendeth,1,0
chafes,1,0
countless,1,0
punctuate,1,0
eternal,1,0
boldest,1,0
wants,1,0
auroral,1,0
caucus,1,0
applauds,1,0
workmanships,1,0
staying,1,0
perceive,1,0
licked,1,0
c,1,0
wares,1,0
reflex,1,0
blot,1,0
pinnace,1,0
eternally,1,0
artificial,1,0
forefathers,1,0
zealous,1,0
striving,1,0
mused,1,0
twig,1,0
curtain,1,0
preferred,1,0
equal,1,0
expound,1,0
hoisted,1,0
spark,1,0
hem,1,0
dame,1,0
generations,1,0
toiled,1,0
dames,1,0
scion,1,0
worshipping,1,0
loved,1,0
captivity,1,0
eve,1,0
reverently,1,0
peacock,1,0
fatigue,1,0
grandfather,1,0
statures,1,0
obtrude,1,0
aristocracy,1,0
india,1,0
literature,1,0
guns,1,0
divide,1,0
nooks,1,0
bravos,1,0
fade,1,0
furtive,1,0
dial,1,0
legible,1,0
prose,1,0
terribler,1,0
nightfall,1,0
explanation,1,0
secrecy,1,0
keel,1,0
returned,1,0
ambush,1,0
excludes,1,0
chanced,1,0
malevolence,1,0
parched,1,0
boon,1,0
lapland,1,0
dips,1,0
chillest,1,0
tradition,1,0
dullness,1,0
discerning,1,0
capitals,1,0
importunes,1,0
feed,1,0
aptitude,1,0
exhibit,1,0
motions,1,0
conform,1,0
novel,1,0
befalls,1,0
sermon,1,0
mangle,1,0
scares,1,0
teases,1,0
concerns,1,0
reports,1,0
acorn,1,0
dwelling,1,0
excel,1,0
petals,1,0
repair,1,0
territories,1,0
orchestra,1,0
betimes,1,0
indiaman,1,0
notched,1,0
toilsome,1,0
differ,1,0
pitied,1,0
splinter,1,0
weighed,1,0
shod,1,0
accent,1,0
crowing,1,0
ropes,1,0
dazzling,1,0
deathless,1,0
lanes,1,0
strolled,1,0
halved,1,0
rind,1,0
splendors,1,0
partook,1,0
occupied,1,0
sophistries,1,0
presume,1,0
transplanted,1,0
walking,1,0
pine,1,0
gazing,1,0
masts,1,0
esteem,1,0
lovers,1,0
feeblest,1,0
drum,1,0
twinkling,1,0
listens,1,0
willed,1,0
portion,1,0
wholly,1,0
matter,1,0
contract,1,0
lords,1,0
refrains,1,0
titles,1,0
intermittent,1,0
cribs,1,0
wanderings,1,0
pelf,1,0
chime,1,0
solemnest,1,0
compass,1,0
wades,1,0
command,1,0
flows,1,0
cloak,1,0
martial,1,0
steeple,1,0
cave,1,0
ducats,1,0
deemed,1,0
reviled,1,0
hectic,1,0
aromatic,1,0
tortoise,1,0
politeness,1,0
minister,1,0
throne,1,0
redden,1,0
comprehend,1,0
waylaying,1,0
fears,1,0
wedged,1,0
genesis,1,0
deals,1,0
unfitted,1,0
robe,1,0
certificate,1,0
crowds,1,0
frisk,1,0
obligations,1,0
variation,1,0
introspective,1,0
cared,1,0
ayre,1,0
unused,1,0
clasped,1,0
decoyed,1,0
refuse,1,0
struts,1,0
sold,1,0
standing,1,0
din,1,0
institution,1,0
snowy,1,0
tapestries,1,0
generously,1,0
dancer,1,0
sighing,1,0
deserts,1,0
interrupting,1,0
ravelled,1,0
minuets,1,0
toddled,1,0
prancing,1,0
dolls,1,0
seldom,1,0
dingle,1,0
industriousness,1,0
stable,1,0
dangerous,1,0
exceptionally,1,0
reed,1,0
flamingo,1,0
endeavoring,1,0
pointers,1,0
twirled,1,0
slim,1,0
visage,1,0
party,1,0
elemental,1,0
industries,1,0
titled,1,0
litigants,1,0
plummetless,1,0
encountered,1,0
fife,1,0
places,1,0
wiser,1,0
stanza,1,0
broached,1,0
stocking,1,0
slides,1,0
wavering,1,0
keen,1,0
baffles,1,0
divides,1,0
continual,1,0
departs,1,0
unique,1,0
shroud,1,0
cooling,1,0
diligence,1,0
shopman,1,0
apology,1,0
crucifixion,1,0
subsists,1,0
wends,1,0
sturdy,1,0
hindered,1,0
wander,1,0
retrieve,1,0
gale,1,0
audiences,1,0
faints,1,0
founds,1,0
loaded,1,0
mien,1,0
unlike,1,0
waning,1,0
force,1,0
lids,1,0
alibi,1,0
trusted,1,0
remote,1,0
unperceived,1,0
quartz,1,0
uniforms,1,0
fix,1,0
sanity,1,0
notwithstanding,1,0
frigid,1,0
indolent,1,0
pompous,1,0
jointed,1,0
teller,1,0
heaped,1,0
daringly,1,0
schoolboy,1,0
challenges,1,0
debates,1,0
prevail,1,0
seeking,1,0
rhymed,1,0
seraphim,1,0
dot,1,0
text,1,0
gems,1,0
fat,1,0
furniture,1,0
admonition,1,0
pretence,1,0
havens,1,0
compact,1,0
surreptitious,1,0
hillsides,1,0
sleeve,1,0
wharf,1,0
antiquity,1,0
box,1,0
drawers,1,0
acquaintance,1,0
inherited,1,0
supplicate,1,0
plato,1,0
england,1,0
touches,1,0
pleases,1,0
stirless,1,0
stair,1,0
enlightening,1,0
fork,1,0
babbles,1,0
oppresses,1,0
discomfit,1,0
solemnizes,1,0
finishing,1,0
fuzz,1,0
proceeds,1,0
smitten,1,0
knocking,1,0
principle,1,0
wagner,1,0
remark,1,0
shutters,1,0
tramp,1,0
peer,1,0
fling,1,0
unarmed,1,0
pausing,1,0
knowest,1,0
transcending,1,0
blistered,1,0
axe,1,0
ravished,1,0
balm,1,0
circumspect,1,0
stintless,1,0
fundamental,1,0
trudge,1,0
surmised,1,0
consecrated,1,0
coveting,1,0
exceedingly,1,0
addeth,1,0
cellar,1,0
kindle,1,0
unmeaning,1,0
requires,1,0
slumbering,1,0
ambuscade,1,0
attendants,1,0
noiseless,1,0
hearth,1,0
hunger,1,0
stature,1,0
proves,1,0
untoward,1,0
lifted,1,0
dejected,1,0
clamor,1,0
enlarging,1,0
noted,1,0
comparison,1,0
brushed,1,0
obliterate,1,0
divorced,1,0
pare,1,0
history,1,0
antiquest,1,0
evade,1,0
sanctity,1,0
residing,1,0
ankles,1,0
peddler,1,0
copies,1,0
reverberation,1,0
tufts,1,0
grisly,1,0
lighthouse,1,0
hateful,1,0
dusty,1,0
vane,1,0
nations,1,0
plumper,1,0
police,1,0
miscellaneous,1,0
addition,1,0
keeping,1,0
sleepy,1,0
cat,1,0
begins,1,0
observing,1,0
continents,1,0
writing,1,0
perches,1,0
duds,1,0
tighter,1,0
bodies,1,0
halcyon,1,0
betrothal,1,0
board,1,0
gathering,1,0
mesmeric,1,0
involves,1,0
banners,1,0
poles,1,0
banquets,1,0
sip,1,0
awhile,1,0
mile,1,0
asketh,1,0
maids,1,0
echoes,1,0
banishment,1,0
caption,1,0
concluded,1,0
pronounce,1,0
salvation,1,0
overhead,1,0
adamantine,1,0
stings,1,0
perjury,1,0
hound,1,0
parian,1,0
invitations,1,0
goblin,1,0
eager,1,0
playthings,1,0
chancel,1,0
entertaining,1,0
unbroken,1,0
mound,1,0
mesh,1,0
unscrutinized,1,0
casual,1,0
rushes,1,0
landing,1,0
imps,1,0
assuage,1,0
complement,1,0
fable,1,0
exigencies,1,0
wept,1,0
indifference,1,0
intermit,1,0
pang,1,0
trouble,1,0
september,1,0
confiding,1,0
view,1,0
deepest,1,0
lybian,1,0
needing,1,0
opulence,1,0
making,1,0
powders,1,0
plunder,1,0
forbid,1,0
pussy,1,0
impotent,1,0
madder,1,0
occasionally,1,0
italian,1,0
disavows,1,0
sacred,1,0
domenichino,1,0
sums,1,0
chastened,1,0
o'ertook,1,0
dante,1,0
designate,1,0
espied,1,0
fashionless,1,0
carrara,1,0
beguiling,1,0
burden,1,0
obsequious,1,0
dandelion,1,0
hewed,1,0
shimmering,1,0
supper,1,0
shelter,1,0
behooveth,1,0
preferment,1,0
goads,1,0
capacious,1,0
values,1,0
diamonds,1,0
divest,1,0
tamarind,1,0
chill,1,0
trusting,1,0
viand,1,0
consciously,1,0
profound,1,0
vanquish,1,0
inevitable,1,0
partakes,1,0
resonance,1,0
declines,1,0
probably,1,0
tranquiller,1,0
throat,1,0
impeach,1,0
intoxication,1,0
sundered,1,0
pyrites,1,0
shutting,1,0
intellectual,1,0
freight,1,0
surviving,1,0
redecked,1,0
eight,1,0
displayed,1,0
applaud,1,0
befell,1,0
bosoms,1,0
endure,1,0
invest,1,0
espy,1,0
swans,1,0
frog,1,0
insufficient,1,0
pruning,1,0
quality,1,0
sly,1,0
stroll,1,0
tallest,1,0
knelt,1,0
crested,1,0
boundaries,1,0
ten,1,0
defeated,1,0
elect,1,0
wizard,1,0
noise,1,0
telling,1,0
wakens,1,0
vegetation,1,0
seeming,1,0
russetly,1,0
swollen,1,0
readings,1,0
shared,1,0
earthly,1,0
guide,1,0
fairy,1,0
babbler,1,0
sapped,1,0
astute,1,0
moonless,1,0
foreigner,1,0
absence,1,0
stopless,1,0
neighing,1,0
buckle,1,0
intuition,1,0
respites,1,0
leagues,1,0
recited,1,0
inspiriting,1,0
reveal,1,0
forms,1,0
delay,1,0
wrists,1,0
farthings,1,0
plumed,1,0
breathing,1,0
jasmines,1,0
requisite,1,0
sinks,1,0
revisiting,1,0
o'erwhelm,1,0
stung,1,0
futile,1,0
outward,1,0
sprig,1,0
convey,1,0
catacomb,1,0
revenge,1,0
tints,1,0
frowns,1,0
blast,1,0
venice,1,0
ranged,1,0
purchaser,1,0
supremer,1,0
unveil,1,0
verb,1,0
sherry,1,0
gurgle,1,0
'potosi,1,0
replied,1,0
frankness,1,0
prisons,1,0
beak,1,0
vaster,1,0
woke,1,0
nectar,1,0
ruffles,1,0
threatening,1,0
stuns,1,0
cruel,1,0
cap,1,0
enmity,1,0
omit,1,0
prophetic,1,0
troubling,1,0
cite,1,0
shaven,1,0
temple,1,0
battered,1,0
lessons,1,0
abashless,1,0
correctly,1,0
tourist,1,0
backward,1,0
gray,1,0
crocus,1,0
psalm,1,0
posthumous,1,0
included,1,0
array,1,0
counterfeit,1,0
transient,1,0
condensed,1,0
voices,1,0
churchyard,1,0
broom,1,0
working,1,0
manuscript,1,0
guard,1,0
dull,1,0
repudiates,1,0
aught,1,0
e'er,1,0
spaces,1,0
earnest,1,0
achase,1,0
aground,1,0
culprit,1,0
repeated,1,0
'heaven,1,0
strangles,1,0
doubtful,1,0
truly,1,0
theme,1,0
salute,1,0
rouge,1,0
shelves,1,0
oppress,1,0
untied,1,0
acknowledgment,1,0
unkind,1,0
conscience,1,0
custom,1,0
castle,1,0
blind,1,0
covenant,1,0
communion,1,0
emersonian,1,0
invention,1,0
ammunition,1,0
tilts,1,0
directness,1,0
frames,1,0
scrutinized,1,0
treated,1,0
solaces,1,0
weighs,1,0
trifle,1,0
windy,1,0
fun,1,0
indigo,1,0
triumphant,1,0
revere,1,0
spokes,1,0
hazard,1,0
mastered,1,0
sauntering,1,0
marksman,1,0
pomposity,1,0
suitable,1,0
britain,1,0
ruff,1,0
calm,1,0
projects,1,0
enfranchised,1,0
rhodora,1,0
'forgot,1,0
waves,1,0
cart,1,0
nearing,1,0
scymitar,1,0
vehicle,1,0
serve,1,0
dissect,1,0
aid,1,0
disclosing,1,0
rotation,1,0
shops,1,0
proved,1,0
pleading,1,0
prohibits,1,0
thrust,1,0
venerable,1,0
goliath,1,0
store,1,0
powdered,1,0
filled,1,0
recent,1,0
quickest,1,0
galaxies,1,0
atom,1,0
drill,1,0
cut,1,0
mixing,1,0
anonymous,1,0
furrow,1,0
believed,1,0
armed,1,0
receipt,1,0
brews,1,0
stiffly,1,0
'house,1,0
decimals,1,0
pittance,1,0
related,1,0
porcelain,1,0
geneva,1,0
account,1,0
ignite,1,0
listener,1,0
banker,1,0
impressionist,1,0
cabinets,1,0
supports,1,0
caution,1,0
handed,1,0
edition,1,0
paralyzing,1,0
splendor,1,0
unprejudiced,1,0
puppet,1,0
swerve,1,0
betray,1,0
crucifix,1,0
leaflets,1,0
vase,1,0
bond,1,0
cathedral,1,0
leafy,1,0
unopened,1,0
gala,1,0
retrospection,1,0
kernel,1,0
fond,1,0
jostled,1,0
glanced,1,0
hunched,1,0
pasture,1,0
giant,1,0
sequestered,1,0
lingering,1,0
inaudible,1,0
implore,1,0
baronial,1,0
bowed,1,0
accented,1,0
poured,1,0
mosses,1,0
vexed,1,0
escaped,1,0
rears,1,0
suspicious,1,0
sunday,1,0
reeling,1,0
swings,1,0
blossoming,1,0
approach,1,0
iris,1,0
border,1,0
preaches,1,0
wrong,1,0
untravelled,1,0
buenos,1,0
liquid,1,0
inlaid,1,0
dominie,1,0
shun,1,0
duty,1,0
built,1,0
sombre,1,0
interdicted,1,0
rule,1,0
ardent,1,0
puzzlest,1,0
equation,1,0
persons,1,0
anvil,1,0
mason,1,0
meanings,1,0
pomp,1,0
tugs,1,0
frontier,1,0
appreciation,1,0
freely,1,0
tabernacle,1,0
revision,1,0
'victory,1,0
abundant,1,0
coach,1,0
members,1,0
lifts,1,0
denying,1,0
nails,1,0
skilful,1,0
lo,1,0
inebriate,1,0
conventional,1,0
severer,1,0
unmentioned,1,0
stooped,1,0
creep,1,0
surfeit,1,0
fitness,1,0
fever,1,0
household,1,0
persuaded,1,0
taketh,1,0
joints,1,0
noticing,1,0
shrewder,1,0
laureates,1,0
larder,1,0
plumes,1,0
rambles,1,0
fallow,1,0
index,1,0
purposeless,1,0
distilled,1,0
hypothesis,1,0
plane,1,0
vastness,1,0
odors,1,0
winked,1,0
draught,1,0
ponder,1,0
degreeless,1,0
stillest,1,0
trundle,1,0
occurred,1,0
function,1,0
mass,1,0
subtracting,1,0
awaited,1,0
disk,1,0
crumbs,1,0
feeds,1,0
shot,1,0
heroism,1,0
troubled,1,0
conscious,1,0
bands,1,0
artisans,1,0
begging,1,0
approving,1,0
maize,1,0
mosaic,1,0
priests,1,0
peers,1,0
justified,1,0
equilibrium,1,0
arrive,1,0
providence,1,0
useless,1,0
'mong,1,0
lapse,1,0
trace,1,0
abrogate,1,0
seven,1,0
marshalled,1,0
formula,1,0
tarried,1,0
lowliest,1,0
symbols,1,0
afforded,1,0
disappointed,1,0
bottom,1,0
milliner,1,0
menacing,1,0
customs,1,0
beguiled,1,0
flutter,1,0
blackbird,1,0
hyperbole,1,0
meaner,1,0
briskly,1,0
subsist,1,0
interfere,1,0
carved,1,0
batschia,1,0
neglected,1,0
wasted,1,0
critic,1,0
buckled,1,0
blinds,1,0
dedicated,1,0
crumble,1,0
gayer,1,0
van,1,0
orient,1,0
interested,1,0
charter,1,0
deploys,1,0
screws,1,0
pedantic,1,0
dower,1,0
landlords,1,0
thunderbolt,1,0
quantity,1,0
thrum,1,0
adored,1,0
sullied,1,0
philosophies,1,0
cureless,1,0
convictions,1,0
deified,1,0
mystic,1,0
undivine,1,0
prepare,1,0
twigs,1,0
stranger,1,0
dnieper,1,0
gables,1,0
clambered,1,0
buttercup,1,0
wheeling,1,0
harmless,1,0
extant,1,0
legacy,1,0
mud,1,0
heroes,1,0
gross,1,0
stiff,1,0
huge,1,0
brier,1,0
disposal,1,0
onward,1,0
constellation,1,0
withes,1,0
gnash,1,0
chorister,1,0
supple,1,0
neighborhoods,1,0
philosopher,1,0
doctor,1,0
bubbled,1,0
boots,1,0
states,1,0
rush,1,0
pronounced,1,0
boast,1,0
repairs,1,0
rhythmic,1,0
phantasms,1,0
contempt,1,0
therefrom,1,0
aisles,1,0
stricken,1,0
pious,1,0
pieces,1,0
confided,1,0
gallanter,1,0
severe,1,0
b,1,0
ashore,1,0
cradles,1,0
unconcern,1,0
masquerade,1,0
wealths,1,0
thill,1,0
moons,1,0
bystanders,1,0
retract,1,0
dangled,1,0
species,1,0
helen,1,0
confirmed,1,0
dimmer,1,0
generation,1,0
flung,1,0
royalty,1,0
analytic,1,0
prodigious,1,0
civility,1,0
quickened,1,0
bathed,1,0
repentance,1,0
blooms,1,0
horrid,1,0
files,1,0
prosy,1,0
startle,1,0
thomson,1,0
awkward,1,0
palate,1,0
repairing,1,0
desert,1,0
couple,1,0
stranded,1,0
fascinated,1,0
peru,1,0
stump,1,0
propitiate,1,0
bridal,1,0
scanty,1,0
dimly,1,0
golconda,1,0
respect,1,0
western,1,0
permission,1,0
reaches,1,0
naughty,1,0
feign,1,0
begged,1,0
multitudes,1,0
wampum,1,0
shipwreck,1,0
whir,1,0
angle,1,0
fretted,1,0
vale,1,0
roar,1,0
recovered,1,0
ungained,1,0
cost,1,0
subjugated,1,0
associates,1,0
correspondent,1,0
annihilate,1,0
return,1,0
burglar,1,0
insight,1,0
raffle,1,0
affection,1,0
dealt,1,0
sung,1,0
ship,1,0
article,1,0
rut,1,0
shyly,1,0
nonchalance,1,0
enlarged,1,0
thoroughly,1,0
threatened,1,0
consented,1,0
schoolroom,1,0
jump,1,0
glimmering,1,0
waited,1,0
reveille,1,0
inland,1,0
stream,1,0
gasped,1,0
extremest,1,0
'despair,1,0
bred,1,0
replaced,1,0
disclose,1,0
situated,1,0
vanish,1,0
subjected,1,0
lofty,1,0
character,1,0
interspersed,1,0
ribbon,1,0
absorb,1,0
lacking,1,0
leopards,1,0
lustrous,1,0
rambled,1,0
frenzied,1,0
adversity,1,0
ye,1,0
awaken,1,0
destitute,1,0
scope,1,0
heather,1,0
quickly,1,0
staid,1,0
'day,1,0
discipline,1,0
bitter,1,0
sleek,1,0
ailed,1,0
nut,1,0
bards,1,0
impaled,1,0
trailed,1,0
mirth,1,0
electricity,1,0
cage,1,0
holy,1,0
treble,1,0
commerce,1,0
companies,1,0
overtake,1,0
swam,1,0
emergency,1,0
bates,1,0
wrestles,1,0
thirsting,1,0
exception,1,0
seated,1,0
rent,1,0
supreme,1,0
successful,1,0
copy,1,0
aimed,1,0
sandal,1,0
whisper,1,0
covered,1,0
recording,1,0
betides,1,0
crackling,1,0
quaintly,1,0
sevres,1,0
seed,1,0
girt,1,0
fearless,1,0
imperator,1,0
begets,1,0
study,1,0
adder,1,0
contemn,1,0
distinct,1,0
zero,1,0
posts,1,0
longed,1,0
convicted,1,0
weeds,1,0
deliberate,1,0
smart,1,0
courteous,1,0
condescending,1,0
kitchen,1,0
imperfect,1,0
bowls,1,0
enhances,1,0
bridget,1,0
dell,1,0
brows,1,0
immaterial,1,0
folds,1,0
archangel,1,0
plays,1,0
essay,1,0
terse,1,0
knowledge,1,0
diemen,1,0
bleating,1,0
italicized,1,0
exorcised,1,0
locks,1,0
competent,1,0
chid,1,0
sympathetic,1,0
normal,1,0
rural,1,0
cities,1,0
thomas,1,0
owned,1,0
roofs,1,0
thousands,1,0
level,1,0
ballad,1,0
carol,1,0
epicure,1,0
repay,1,0
afflicts,1,0
christian,1,0
traverses,1,0
spangles,1,0
affronted,1,0
poetry,1,0
refined,1,0
inns,1,0
expensive,1,0
brag,1,0
returns,1,0
profaned,1,0
candid,1,0
impetus,1,0
contested,1,0
supposition,1,0
anodyne,1,0
plates,1,0
stiffens,1,0
manufacturing,1,0
stagger,1,0
unblushingly,1,0
amounts,1,0
auspiciously,1,0
plausibility,1,0
umbrella,1,0
ungrasped,1,0
vitalizes,1,0
feeling,1,0
coquette,1,0
pumpkins,1,0
flowed,1,0
banner,1,0
anger,1,0
ascertain,1,0
building,1,0
event,1,0
tumbled,1,0
bedecked,1,0
flit,1,0
exposes,1,0
rhododendron,1,0
beheads,1,0
balking,1,0
develops,1,0
propitious,1,0
presumed,1,0
tarnished,1,0
elves,1,0
sagacious,1,0
pursuing,1,0
grayest,1,0
especial,1,0
pervaded,1,0
deaden,1,0
hanging,1,0
avoid,1,0
linnet,1,0
purer,1,0
intrust,1,0
diligent,1,0
bequest,1,0
affliction,1,0
ranks,1,0
misses,1,0
detachment,1,0
neighboring,1,0
bald,1,0
blanket,1,0
wrinkles,1,0
clergyman,1,0
ebbing,1,0
elm,1,0
eider,1,0
dapperer,1,0
freezing,1,0
tire,1,0
caught,1,0
pittances,1,0
unrelated,1,0
rendering,1,0
littered,1,0
lend,1,0
answering,1,0
jocoser,1,0
picking,1,0
illustrious,1,0
creeds,1,0
tides,1,0
nearly,1,0
recede,1,0
beggary,1,0
feebly,1,0
acquitted,1,0
fisherman,1,0
law,1,0
strike,1,0
induces,1,0
shout,1,0
depth,1,0
bridegroom,1,0
viands,1,0
fluttering,1,0
shepherd,1,0
advantage,1,0
wordless,1,0
trilled,1,0
garrets,1,0
elephants,1,0
boundless,1,0
unless,1,0
peninsulas,1,0
anecdotes,1,0
dumb,1,0
sheaves,1,0
tiny,1,0
shapeless,1,0
victorious,1,0
dreamy,1,0
axiom,1,0
claus,1,0
exclusive,1,0
reaching,1,0
win,1,0
marrowless,1,0
hopes,1,0
blithe,1,0
irresistible,1,0
incisions,1,0
likest,1,0
roe,1,0
meeting,1,0
lathed,1,0
magnanimous,1,0
breakers,1,0
leant,1,0
unconscious,1,0
gleam,1,0
robber,1,0
citadel,1,0
hubbub,1,0
needless,1,0
escutcheon,1,0
crave,1,0
pungent,1,0
rend,1,0
bewildering,1,0
haunts,1,0
suffer,1,0
periphrasis,1,0
chirping,1,0
hug,1,0
victors,1,0
discretion,1,0
savory,1,0
graciously,1,0
hasps,1,0
whippoorwill,1,0
encore,1,0
misgives,1,0
person,1,0
usually,1,0
knees,1,0
humorously,1,0
sciences,1,0
elegy,1,0
barbed,1,0
celebrated,1,0
stealth,1,0
apprehension,1,0
clasps,1,0
changed,1,0
afterwards,1,0
banquetings,1,0
weird,1,0
estates,1,0
arranged,1,0
lodgings,1,0
chubby,1,0
plump,1,0
entitled,1,0
bland,1,0
reckon,1,0
suffused,1,0
happen,1,0
bridge,1,0
hurries,1,0
sentinels,1,0
housemate,1,0
tidings,1,0
tare,1,0
diverse,1,0
carefully,1,0
needles,1,0
boiling,1,0
reporter,1,0
lexington,1,0
sown,1,0
plausibly,1,0
despatch,1,0
captive,1,0
vevay,1,0
pleasant,1,0
rescued,1,0
greater,1,0
dams,1,0
private,1,0
tongues,1,0
alighting,1,0
keeper,1,0
clutched,1,0
hit,1,0
startled,1,0
drown,1,0
onyx,1,0
commune,1,0
slacker,1,0
polite,1,0
puts,1,0
definitely,1,0
robust,1,0
exalted,1,0
shortest,1,0
hum,1,0
rounder,1,0
coronet,1,0
ravelling,1,0
sell,1,0
solstice,1,0
obviate,1,0
cooled,1,0
millionnaire,1,0
sharper,1,0
brethren,1,0
thrives,1,0
italy,1,0
unbraiding,1,0
stills,1,0
tunis,1,0
passion,1,0
midge,1,0
etchings,1,0
illness,1,0
farms,1,0
david,1,0
diamond,1,0
implements,1,0
hammer,1,0
brazil,1,0
charted,1,0
traverse,1,0
militant,1,0
keenest,1,0
emolument,1,0
presumption,1,0
divided,1,0
example,1,0
straggled,1,0
emblem,1,0
receive,1,0
imperfectly,1,0
reserved,1,0
economical,1,0
consequence,1,0
sweep,1,0
presumptuous,1,0
mathematics,1,0
infer,1,0
tripped,1,0
hooded,1,0
search,1,0
vellum,1,0
quaintest,1,0
cranny,1,0
audience,1,0
absolutely,1,0
parasol,1,0
calvaries,1,0
bisected,1,0
lisping,1,0
placid,1,0
druidic,1,0
cubits,1,0
deadly,1,0
gun,1,0
extrinsic,1,0
ruddy,1,0
parish,1,0
distinctly,1,0
wick,1,0
celebrates,1,0
retreat,1,0
ashine,1,0
bearest,1,0
denoted,1,0
button,1,0
thanked,1,0
lesser,1,0
flown,1,0
yonder,1,0
laughs,1,0
recognized,1,0
perplexing,1,0
turnpike,1,0
ore,1,0
sparkled,1,0
inviolable,1,0
nervous,1,0
cattle,1,0
fantastic,1,0
confident,1,0
maiden,1,0
swerveless,1,0
deputed,1,0
plies,1,0
revolving,1,0
junction,1,0
tender,1,0
ascetic,1,0
tremulous,1,0
defer,1,0
asphodel,1,0
anchors,1,0
omnifold,1,0
rigorous,1,0
melancholy,1,0
dense,1,0
withstands,1,0
brooches,1,0
frock,1,0
czar,1,0
spills,1,0
lilacs,1,0
commonest,1,0
lodge,1,0
flow,1,0
guile,1,0
granted,1,0
shreds,1,0
lapsed,1,0
reviewed,1,0
encroached,1,0
earrings,1,0
acquaintances,1,0
moorings,1,0
existences,1,0
wagons,1,0
hopelessly,1,0
encloses,1,0
fleshly,1,0
comprised,1,0
hesitated,1,0
costly,1,0
lamp,1,0
partaken,1,0
travelled,1,0
mercy,1,0
repudiate,1,0
transfigured,1,0
spinning,1,0
core,1,0
discourse,1,0
refining,1,0
esoteric,1,0
tools,1,0
marauder,1,0
cheered,1,0
forevermore,1,0
cravat,1,0
compare,1,0
reefs,1,0
admit,1,0
black,1,0
alleged,1,0
renderings,1,0
experienced,1,0
apparent,1,0
bales,1,0
evoked,1,0
elate,1,0
tables,1,0
toils,1,0
sorest,1,0
swung,1,0
matters,1,0
stab,1,0
anodynes,1,0
insulted,1,0
ascribe,1,0
freeze,1,0
positive,1,0
selectly,1,0
benediction,1,0
unthinking,1,0
prompt,1,0
germ,1,0
alban,1,0
vivid,1,0
replenished,1,0
jury,1,0
stack,1,0
augmented,1,0
carts,1,0
cells,1,0
mills,1,0
artificiality,1,0
theatricals,1,0
describing,1,0
insulting,1,0
organdy,1,0
balloon,1,0
precincts,1,0
handle,1,0
descried,1,0
resting,1,0
simplified,1,0
equally,1,0
regiment,1,0
remit,1,0
palms,1,0
similar,1,0
'classify,1,0
oars,1,0
decays,1,0
alluded,1,0
progress,1,0
siroccos,1,0
temperature,1,0
depreciate,1,0
cornice,1,0
negotiation,1,0
regards,1,0
print,1,0
finds,1,0
hurricane,1,0
crouch,1,0
darling,1,0
merchantmen,1,0
added,1,0
bounty,1,0
jay,1,0
born,1,0
abstemiousness,1,0
tinsel,1,0
proclaim,1,0
pleasing,1,0
typify,1,0
shriven,1,0
vats,1,0
consider,1,0
incautious,1,0
cordially,1,0
skaters,1,0
granite,1,0
suspected,1,0
affording,1,0
employed,1,0
dozen,1,0
relieves,1,0
crawls,1,0
qualified,1,0
snap,1,0
sappho,1,0
timidly,1,0
gurgled,1,0
dissembler,1,0
partly,1,0
glimmer,1,0
'right,1,0
frequent,1,0
breasts,1,0
showeth,1,0
vengeance,1,0
summoned,1,0
fastidious,1,0
prithee,1,0
evades,1,0
iscariot,1,0
sword,1,0
beauties,1,0
apartments,1,0
ushers,1,0
bushes,1,0
wonderful,1,0
pages,1,0
foxglove,1,0
bobolinks,1,0
costume,1,0
fainter,1,0
hock,1,0
reverent,1,0
entombed,1,0
limb,1,0
otter,1,0
adamant,1,0
laws,1,0
latitude,1,0
quiver,1,0
notelessly,1,0
gowns,1,0
admiring,1,0
inscrutable,1,0
dated,1,0
pleader,1,0
undermined,1,0
exultant,1,0
stealthily,1,0
treasure,1,0
performed,1,0
canticle,1,0
permit,1,0
vermin,1,0
garner,1,0
fleeces,1,0
speculate,1,0
jesuit,1,0
delirium,1,0
kissed,1,0
perquisite,1,0
hammers,1,0
sighs,1,0
thirsted,1,0
hundreds,1,0
testified,1,0
withhold,1,0
stirring,1,0
almanac,1,0
british,1,0
revolver,1,0
whither,1,0
spoon,1,0
hums,1,0
aforetime,1,0
felled,1,0
spread,1,0
ultimate,1,0
tantalize,1,0
coursers,1,0
tremble,1,0
slowest,1,0
spins,1,0
regulate,1,0
handled,1,0
thither,1,0
sending,1,0
pellet,1,0
temper,1,0
suddenness,1,0
lettres,1,0
screams,1,0
sentiments,1,0
pianos,1,0
baptized,1,0
ornament,1,0
charged,1,0
bleeding,1,0
mysterious,1,0
archer,1,0
eagerness,1,0
stiller,1,0
companionship,1,0
hesitate,1,0
differed,1,0
civic,1,0
legions,1,0
springs,1,0
invitation,1,0
overwhelmed,1,0
dawns,1,0
motionless,1,0
approached,1,0
ribbons,1,0
watch,1,0
shunned,1,0
earthquake,1,0
scantly,1,0
mocking,1,0
pronoun,1,0
fructified,1,0
contending,1,0
pelteth,1,0
sprang,1,0
burrs,1,0
legatee,1,0
invalid,1,0
mooring,1,0
flint,1,0
beneficent,1,0
width,1,0
kill,1,0
paid,1,0
cordiality,1,0
morbid,1,0
crew,1,0
habiliments,1,0
hues,1,0
moses,1,0
multiply,1,0
scintillating,1,0
picked,1,0
fresher,1,0
retarded,1,0
kinsman,1,0
computes,1,0
alarms,1,0
honesty,1,0
disburse,1,0
leaping,1,0
omnipotent,1,0
adjoining,1,0
timbrels,1,0
mazarin,1,0
platoon,1,0
stouter,1,0
marbles,1,0
liar,1,0
undeveloped,1,0
option,1,0
enjoining,1,0
mocks,1,0
louder,1,0
competeless,1,0
mayest,1,0
responsibility,1,0
hovered,1,0
surroundings,1,0
catching,1,0
courtier,1,0
voted,1,0
ecstatically,1,0
adjusts,1,0
raft,1,0
exclaim,1,0
enamoured,1,0
hasten,1,0
decide,1,0
correspondents,1,0
redemption,1,0
dominions,1,0
skirts,1,0
knits,1,0
piers,1,0
drought,1,0
coat,1,0
tranquilly,1,0
rejoin,1,0
urge,1,0
virtually,1,0
flock,1,0
inquest,1,0
bellows,1,0
azure,1,0
nazareth,1,0
crash,1,0
jubilee,1,0
probable,1,0
barbs,1,0
glows,1,0
cheer,1,0
gravity,1,0
fleeting,1,0
provided,1,0
'skirmish,1,0
skirting,1,0
puzzles,1,0
lingers,1,0
hearkened,1,0
fraud,1,0
explore,1,0
packed,1,0
loosened,1,0
coaches,1,0
devoured,1,0
accuracy,1,0
massachusetts,1,0
bumblebees,1,0
teach,1,0
bequeaths,1,0
famine,1,0
orthography,1,0
impose,1,0
reality,1,0
fists,1,0
entirely,1,0
denotes,1,0
age,1,0
elusive,1,0
salutes,1,0
nectars,1,0
effect,1,0
incisive,1,0
beckoned,1,0
proudest,1,0
advances,1,0
zephyr,1,0
demur,1,0
rumbles,1,0
argues,1,0
triple,1,0
poorest,1,0
spectacles,1,0
'how,1,0
medicine,1,0
sphere,1,0
glancing,1,0
attireth,1,0
roll,1,0
peruse,1,0
necromancer,1,0
surely,1,0
toads,1,0
poignant,1,0
apprehend,1,0
persevered,1,0
earned,1,0
enthralling,1,0
strict,1,0
abbey,1,0
importuned,1,0
pours,1,0
heel,1,0
stoop,1,0
accompanied,1,0
hottest,1,0
occupy,1,0
hush,1,0
exponent,1,0
underneath,1,0
lick,1,0
drowsiest,1,0
immediately,1,0
unsuspected,1,0
madam,1,0
endear,1,0
fulfilling,1,0
earths,1,0
heavier,1,0
incites,1,0
utterly,1,0
evenly,1,0
stupidity,1,0
avenge,1,0
consolation,1,0
perceptible,1,0
censure,1,0
spoken,1,0
burst,1,0
young,1,0
hearing,1,0
admitted,1,0
double,1,0
shifted,1,0
blissful,1,0
trained,1,0
topaz,1,0
hallowed,1,0
executor,1,0
perturbation,1,0
chafe,1,0
fleece,1,0
subdue,1,0
chatted,1,0
blotted,1,0
banquet,1,0
whets,1,0
schemes,1,0
strengthens,1,0
compensate,1,0
ominous,1,0
risk,1,0
cherries,1,0
swindled,1,0
marry,1,0
softness,1,0
pea,1,0
seize,1,0
recordless,1,0
lowly,1,0
compelling,1,0
lamb,1,0
serpent,1,0
lulls,1,0
rafter,1,0
necessary,1,0
failing,1,0
chat,1,0
survive,1,0
spicy,1,0
creed,1,0
sake,1,0
syntax,1,0
paris,1,0
wakes,1,0
unties,1,0
mockery,1,0
abasheth,1,0
frigates,1,0
dissuade,1,0
saturated,1,0
richard,1,0
latch,1,0
entire,1,0
sunny,1,0
costumes,1,0
scalps,1,0
mapped,1,0
dukes,1,0
binds,1,0
undefeated,1,0
intended,1,0
neigh,1,0
snatch,1,0
denominated,1,0
moral,1,0
unfurled,1,0
zenith,1,0
scorning,1,0
apples,1,0
commander,1,0
patriotic,1,0
patriot,1,0
stares,1,0
unborn,1,0
moccason,1,0
eludes,1,0
inspected,1,0
subject,1,0
shivered,1,0
retinue,1,0
dates,1,0
gushes,1,0
blackbirds,1,0
marge,1,0
wraps,1,0
chrysolite,1,0
acts,1,0
redder,1,0
harvests,1,0
flirt,1,0
bayonet,1,0
chuckled,1,0
wending,1,0
admonished,1,0
rowed,1,0
jargoning,1,0
member,1,0
critics,1,0
fancy,1,0
paints,1,0
unavailable,1,0
contracting,1,0
target,1,0
ebbs,1,0
aurora,1,0
swindlers,1,0
stalactite,1,0
emptied,1,0
denies,1,0
apartment,1,0
santa,1,0
island,1,0
loud,1,0
disdained,1,0
contrasting,1,0
pull,1,0
worn,1,0
streaks,1,0
repealless,1,0
witnessed,1,0
legitimate,1,0
whereas,1,0
weights,1,0
yieldeth,1,0
stocks,1,0
initial,1,0
acquainted,1,0
reproduce,1,0
opinions,1,0
emerged,1,0
carmine,1,0
marauding,1,0
inquisitor,1,0
presuming,1,0
travellers,1,0
sedge,1,0
vanished,1,0
propounded,1,0
giddy,1,0
mournful,1,0
quibble,1,0
wit,1,0
microscopes,1,0
fractured,1,0
patience,1,0
dipping,1,0
pulpit,1,0
waywardest,1,0
accompanying,1,0
broadcloth,1,0
interval,1,0
hoar,1,0
disenthrall,1,0
canaan,1,0
sorer,1,0
cargoes,1,0
alcohol,1,0
comb,1,0
horizon,1,0
fiercest,1,0
dispute,1,0
interior,1,0
attended,1,0
planet,1,0
crayon,1,0
portico,1,0
drives,1,0
whispering,1,0
copied,1,0
keepsakes,1,0
rosemary,1,0
exeter,1,0
dropt,1,0
unworthy,1,0
enclose,1,0
subtraction,1,0
crystal,1,0
gentlefolk,1,0
sketches,1,0
complains,1,0
stroke,1,0
axis,1,0
rampant,1,0
drowse,1,0
nerve,1,0
cruising,1,0
insolvent,1,0
salubrious,1,0
wrecks,1,0
enters,1,0
mistletoe,1,0
carbonates,1,0
formerly,1,0
adroit,1,0
stoops,1,0
constructed,1,0
tick,1,0
extinct,1,0
kissing,1,0
hosts,1,0
billow,1,0
trudging,1,0
disperse,1,0
ballot,1,0
dependent,1,0
earring,1,0
crept,1,0
coterie,1,0
suffuses,1,0
witchcraft,1,0
greatest,1,0
swim,1,0
limitless,1,0
recently,1,0
shortness,1,0
discreet,1,0
tonic,1,0
larks,1,0
dearth,1,0
threading,1,0
undress,1,0
consumed,1,0
hemispheres,1,0
stuff,1,0
criticism,1,0
assignable,1,0
loyally,1,0
proportioned,1,0
pauper,1,0
prevails,1,0
competitions,1,0
ball,1,0
mourn,1,0
necklaces,1,0
leontodon,1,0
tumbles,1,0
certified,1,0
reposed,1,0
flash,1,0
parlors,1,0
sweetness,1,0
scholastic,1,0
zone,1,0
lash,1,0
assent,1,0
roughness,1,0
indifferent,1,0
grateful,1,0
rugged,1,0
belted,1,0
poise,1,0
shames,1,0
crucify,1,0
file,1,0
ere,1,0
sordid,1,0
leisurely,1,0
developed,1,0
sustenance,1,0
bait,1,0
anchor,1,0
criticise,1,0
await,1,0
heeding,1,0
trampled,1,0
intentionally,1,0
abducted,1,0
sabachthani,1,0
corridors,1,0
dragon,1,0
fires,1,0
candor,1,0
breaths,1,0
effacing,1,0
apennine,1,0
definition,1,0
fortress,1,0
entering,1,0
circumvent,1,0
wed,1,0
concernless,1,0
affecting,1,0
elected,1,0
tear,1,0
gabriel,1,0
chapel,1,0
tanks,1,0
betrays,1,0
clipt,1,0
spoil,1,0
predestined,1,0
named,1,0
creak,1,0
tone,1,0
grape,1,0
supplanted,1,0
rustling,1,0
fences,1,0
pointed,1,0
mechanic,1,0
altitude,1,0
workmen,1,0
fed,1,0
buckets,1,0
footman,1,0
tidy,1,0
bustled,1,0
six,1,0
imperceptible,1,0
camp,1,0
turbid,1,0
hie,1,0
mouth,1,0
mouths,1,0
masonry,1,0
players,1,0
provincial,1,0
suspecting,1,0
yorkshire,1,0
falter,1,0
himmaleh,1,0
traitor,1,0
navies,1,0
clerks,1,0
baffled,1,0
prepares,1,0
kennel,1,0
basement,1,0
rested,1,0
banish,1,0
hearts,1,0
taunted,1,0
galloped,1,0
reimbursed,1,0
clew,1,0
amen,1,0
simply,1,0
stitches,1,0
prance,1,0
maintain,1,0
delicate,1,0
signor,1,0
stirrest,1,0
vacant,1,0
fright,1,0
maples,1,0
unite,1,0
sophocles,1,0
degrees,1,0
conceal,1,0
fourth,1,0
shown,1,0
gradual,1,0
crawled,1,0
doubts,1,0
concedes,1,0
blur,1,0
lethargic,1,0
balms,1,0
enchantment,1,0
breakfast,1,0
decamping,1,0
concomitant,1,0
months,1,0
amulets,1,0
spell,1,0
sow,1,0
export,1,0
guido,1,0
dismay,1,0
tombs,1,0
answer,1,0
interpretation,1,0
enamour,1,0
muslin,1,0
commoner,1,0
lid,1,0
prick,1,0
wealthy,1,0
sycamore,1,0
hooting,1,0
disapproves,1,0
bewildered,1,0
accept,1,0
image,1,0
spade,1,0
dignified,1,0
pods,1,0
moat,1,0
taking,1,0
glasses,1,0
sublimest,1,0
nonchalant,1,0
forestalling,1,0
cheats,1,0
upstairs,1,0
outlive,1,0
boasts,1,0
devastated,1,0
unfair,1,0
'please,1,0
crier,1,0
pride,1,0
spontaneous,1,0
wheels,1,0
plied,1,0
mingle,1,0
porch,1,0
skip,1,0
writer,1,0
seraph,1,0
express,1,0
closes,1,0
ceases,1,0
egg,1,0
pall,1,0
tens,1,0
griefs,1,0
evergreens,1,0
rhymes,1,0
gnashed,1,0
pyramids,1,0
obscure,1,0
sooner,1,0
boggy,1,0
hame,1,0
conquers,1,0
nurtured,1,0
tarrying,1,0
stakes,1,0
gnat,1,0
struggled,1,0
abhorred,1,0
gift,1,0
contains,1,0
wills,1,0
modern,1,0
constant,1,0
gauging,1,0
garret,1,0
fluent,1,0
gentians,1,0
opening,1,0
courtiers,1,0
concealed,1,0
cavalry,1,0
craft,1,0
sportsman,1,0
defies,1,0
lungs,1,0
monarch,1,0
painted,1,0
sequel,1,0
'currer,1,0
loudest,1,0
pantomime,1,0
deposes,1,0
neutralized,1,0
thirsty,1,0
exacting,1,0
titian,1,0
happening,1,0
choosing,1,0
inch,1,0
sated,1,0
quietness,1,0
ventured,1,0
embodied,1,0
pounds,1,0
strews,1,0
prosaic,1,0
interference,1,0
rhine,1,0
prone,1,0
dots,1,0
gossamer,1,0
punctuation,1,0
facilitate,1,0
dashes,1,0
feat,1,0
rune,1,0
poem,1,0
debt,1,0
activity,1,0
lambs,1,0
satisfy,1,0
tinting,1,0
line,1,0
belated,1,0
damask,1,0
silenter,1,0
beware,1,0
addressed,1,0
credibility,1,0
warp,1,0
campaign,1,0
arrange,1,0
adown,1,0
chosen,1,0
exhaled,1,0
flitting,1,0
rain,1,0
delivered,1,0
beseeching,1,0
author,1,0
harbor,1,0
cradle,1,0
struggles,1,0
shakes,1,0
teeth,1,0
luscious,1,0
cheat,1,0
exchequer,1,0
whirled,1,0
siren,1,0
list,1,0
occident,1,0
burmah,1,0
insures,1,0
consumes,1,0
stun,1,0
frivolous,1,0
beg,1,0
humility,1,0
ought,1,0
concern,1,0
succeed,1,0
blindness,1,0
swagger,1,0
dishonored,1,0
prate,1,0
merchantman,1,0
expecting,1,0
sinews,1,0
empowered,1,0
omitted,1,0
hesitates,1,0
seraphic,1,0
missiles,1,0
ruby,1,0
exhibiting,1,0
becoming,1,0
tied,1,0
mere,1,0
powerless,1,0
sharpest,1,0
kneeling,1,0
cheerful,1,0
